{
  "project_info": {
    "project_number": "741614214235",
    "firebase_url": "https://receipt-carer.firebaseio.com",
    "project_id": "receipt-carer",
    "storage_bucket": "receipt-carer.appspot.com"
  },
  "client": [
    {
      "client_info": {
        "mobilesdk_app_id": "1:741614214235:android:5a430bf09dfc68792ff37e",
        "android_client_info": {
          "package_name": "com.fryderykrott.receiptcarerfinal"
        }
      },
      "oauth_client": [
        {
          "client_id": "741614214235-hj178s568v9bsnj09flvtltri2eb3tbl.apps.googleusercontent.com",
          "client_type": 3
        }
      ],
      "api_key": [
        {
          "current_key": "AIzaSyDkhT4hqfOFMGHZE2m7XpZji1SUOOA6UmI"
        }
      ],
      "services": {
        "appinvite_service": {
          "other_platform_oauth_client": [
            {
              "client_id": "741614214235-hj178s568v9bsnj09flvtltri2eb3tbl.apps.googleusercontent.com",
              "client_type": 3
            }
          ]
        }
      }
    }
  ],
  "configuration_version": "1"
}